{
  "id": "99f0ac81-05dc-4594-92ca-85bba49c6070",
  "name": "cuisine",
  "isOverridable": true,
  "entries": [
    {
      "value": "afghan",
      "synonyms": [
        "afghan"
      ]
    },
    {
      "value": "african",
      "synonyms": [
        "african"
      ]
    },
    {
      "value": "american",
      "synonyms": [
        "american"
      ]
    },
    {
      "value": "american new",
      "synonyms": [
        "american new"
      ]
    },
    {
      "value": "arabic",
      "synonyms": [
        "arabic"
      ]
    },
    {
      "value": "bulgar",
      "synonyms": [
        "bulgar"
      ]
    },
    {
      "value": "basque",
      "synonyms": [
        "basque"
      ]
    },
    {
      "value": "canadian",
      "synonyms": [
        "canadian"
      ]
    },
    {
      "value": "american traditional",
      "synonyms": [
        "american traditional"
      ]
    },
    {
      "value": "arabian",
      "synonyms": [
        "arabian"
      ]
    },
    {
      "value": "argentine",
      "synonyms": [
        "argentine"
      ]
    },
    {
      "value": "armenian",
      "synonyms": [
        "armenian"
      ]
    },
    {
      "value": "asian fusion",
      "synonyms": [
        "asian fusion"
      ]
    },
    {
      "value": "asian",
      "synonyms": [
        "asian"
      ]
    },
    {
      "value": "australian",
      "synonyms": [
        "australian"
      ]
    },
    {
      "value": "austrian",
      "synonyms": [
        "austrian"
      ]
    },
    {
      "value": "belgian",
      "synonyms": [
        "belgian"
      ]
    },
    {
      "value": "brazilian",
      "synonyms": [
        "brazilian"
      ]
    },
    {
      "value": "british",
      "synonyms": [
        "british"
      ]
    },
    {
      "value": "brasseries",
      "synonyms": [
        "brasseries"
      ]
    },
    {
      "value": "burmese",
      "synonyms": [
        "burmese"
      ]
    },
    {
      "value": "cajun",
      "synonyms": [
        "cajun"
      ]
    },
    {
      "value": "cambodian",
      "synonyms": [
        "cambodian"
      ]
    },
    {
      "value": "caribbean",
      "synonyms": [
        "caribbean"
      ]
    },
    {
      "value": "creole",
      "synonyms": [
        "creole"
      ]
    },
    {
      "value": "cajun",
      "synonyms": [
        "cajun"
      ]
    },
    {
      "value": "cajun creole",
      "synonyms": [
        "cajun creole"
      ]
    },
    {
      "value": "czech slovakian",
      "synonyms": [
        "szech slovakian"
      ]
    },
    {
      "value": "himalayan nepalese",
      "synonyms": [
        "himalayan nepalese"
      ]
    },
    {
      "value": "latin american",
      "synonyms": [
        "latin american"
      ]
    },
    {
      "value": "persian iranian",
      "synonyms": [
        "persian iranian"
      ]
    },
    {
      "value": "soul food",
      "synonyms": [
        "soul food"
      ]
    },
    {
      "value": "dominican",
      "synonyms": [
        "dominican"
      ]
    },
    {
      "value": "diners",
      "synonyms": [
        "diners"
      ]
    },
    {
      "value": "delis",
      "synonyms": [
        "delis",
        "dehlis"
      ]
    },
    {
      "value": "haitian",
      "synonyms": [
        "haitian"
      ]
    },
    {
      "value": "puertorican",
      "synonyms": [
        "puertorican"
      ]
    },
    {
      "value": "trinidadian",
      "synonyms": [
        "trinidadian"
      ]
    },
    {
      "value": "catalan",
      "synonyms": [
        "catalan"
      ]
    },
    {
      "value": "chinese",
      "synonyms": [
        "chinese"
      ]
    },
    {
      "value": "cantonese",
      "synonyms": [
        "cantonese"
      ]
    },
    {
      "value": "senegalese",
      "synonyms": [
        "senegalese"
      ]
    },
    {
      "value": "bangladeshi",
      "synonyms": [
        "bangladeshi"
      ]
    },
    {
      "value": "shanghainese",
      "synonyms": [
        "shanghainese"
      ]
    },
    {
      "value": "szechuan",
      "synonyms": [
        "szechuan"
      ]
    },
    {
      "value": "cuban",
      "synonyms": [
        "cuban"
      ]
    },
    {
      "value": "czech",
      "synonyms": [
        "czech"
      ]
    },
    {
      "value": "slovakian",
      "synonyms": [
        "slovakian"
      ]
    },
    {
      "value": "ethiopian",
      "synonyms": [
        "ethiopian"
      ]
    },
    {
      "value": "filipino",
      "synonyms": [
        "filipino"
      ]
    },
    {
      "value": "french",
      "synonyms": [
        "french"
      ]
    },
    {
      "value": "german",
      "synonyms": [
        "german"
      ]
    },
    {
      "value": "greek",
      "synonyms": [
        "greek"
      ]
    },
    {
      "value": "hawaiian",
      "synonyms": [
        "hawaiian"
      ]
    },
    {
      "value": "himalayan",
      "synonyms": [
        "himalayan"
      ]
    },
    {
      "value": "hungarian",
      "synonyms": [
        "hungarian"
      ]
    },
    {
      "value": "iberian",
      "synonyms": [
        "iberian"
      ]
    },
    {
      "value": "indpak",
      "synonyms": [
        "indpak"
      ]
    },
    {
      "value": "indonesian",
      "synonyms": [
        "indonesian"
      ]
    },
    {
      "value": "irish",
      "synonyms": [
        "irish"
      ]
    },
    {
      "value": "iranian",
      "synonyms": [
        "iranian"
      ]
    },
    {
      "value": "italian",
      "synonyms": [
        "italian"
      ]
    },
    {
      "value": "indian",
      "synonyms": [
        "indian"
      ]
    },
    {
      "value": "jamaican",
      "synonyms": [
        "jamaican"
      ]
    },
    {
      "value": "japanese",
      "synonyms": [
        "japanese"
      ]
    },
    {
      "value": "korean",
      "synonyms": [
        "korean"
      ]
    },
    {
      "value": "laotian",
      "synonyms": [
        "laotian"
      ]
    },
    {
      "value": "latin",
      "synonyms": [
        "latin"
      ]
    },
    {
      "value": "colombian",
      "synonyms": [
        "colombian"
      ]
    },
    {
      "value": "salvadoran",
      "synonyms": [
        "salvadoran"
      ]
    },
    {
      "value": "venezuelan",
      "synonyms": [
        "venezuelan"
      ]
    },
    {
      "value": "malaysian",
      "synonyms": [
        "malaysian"
      ]
    },
    {
      "value": "mediterranean",
      "synonyms": [
        "mediterranean"
      ]
    },
    {
      "value": "mexican",
      "synonyms": [
        "mexican"
      ]
    },
    {
      "value": "mideastern",
      "synonyms": [
        "mideastern"
      ]
    },
    {
      "value": "egyptian",
      "synonyms": [
        "egyptian"
      ]
    },
    {
      "value": "lebanese",
      "synonyms": [
        "lebanese"
      ]
    },
    {
      "value": "mongolian",
      "synonyms": [
        "mongolian"
      ]
    },
    {
      "value": "moroccan",
      "synonyms": [
        "moroccan"
      ]
    },
    {
      "value": "nepalese",
      "synonyms": [
        "nepalese"
      ]
    },
    {
      "value": "pakistani",
      "synonyms": [
        "pakistani"
      ]
    },
    {
      "value": "persian",
      "synonyms": [
        "persian"
      ]
    },
    {
      "value": "peruvian",
      "synonyms": [
        "peruvian"
      ]
    },
    {
      "value": "polish",
      "synonyms": [
        "polish"
      ]
    },
    {
      "value": "portuguese",
      "synonyms": [
        "portuguese"
      ]
    },
    {
      "value": "puerto rican",
      "synonyms": [
        "puerto rican"
      ]
    },
    {
      "value": "russian",
      "synonyms": [
        "russian"
      ]
    },
    {
      "value": "scandinavian",
      "synonyms": [
        "scandinavian"
      ]
    },
    {
      "value": "scottish",
      "synonyms": [
        "scottish"
      ]
    },
    {
      "value": "singaporean",
      "synonyms": [
        "singaporean"
      ]
    },
    {
      "value": "southern",
      "synonyms": [
        "southern"
      ]
    },
    {
      "value": "spanish",
      "synonyms": [
        "spanish"
      ]
    },
    {
      "value": "swedish",
      "synonyms": [
        "swedish"
      ]
    },
    {
      "value": "taiwanese",
      "synonyms": [
        "taiwanese"
      ]
    },
    {
      "value": "tex mex, tex-mex, texmex",
      "synonyms": [
        "tex mex, tex-mex, texmex"
      ]
    },
    {
      "value": "thai",
      "synonyms": [
        "thai"
      ]
    },
    {
      "value": "turkish",
      "synonyms": [
        "turkish"
      ]
    },
    {
      "value": "ukrainian",
      "synonyms": [
        "ukrainian"
      ]
    },
    {
      "value": "ethnic",
      "synonyms": [
        "ethnic"
      ]
    },
    {
      "value": "modern european, european",
      "synonyms": [
        "modern european, european"
      ]
    },
    {
      "value": "middle eastern, eastern",
      "synonyms": [
        "middle eastern, eastern"
      ]
    },
    {
      "value": "gluten free, gluten-free",
      "synonyms": [
        "gluten free, gluten-free"
      ]
    },
    {
      "value": "halal, hallal",
      "synonyms": [
        "halal, hallal"
      ]
    },
    {
      "value": "kosher, koshar",
      "synonyms": [
        "kosher, koshar"
      ]
    },
    {
      "value": "south african",
      "synonyms": [
        "south african"
      ]
    },
    {
      "value": "dairy",
      "synonyms": [
        "dairy"
      ]
    },
    {
      "value": "vietnam",
      "synonyms": [
        "vietnam",
        "vietnamese"
      ]
    },
    {
      "value": "vegetarian",
      "synonyms": [
        "vegetarian",
        "veg",
        "veggie"
      ]
    },
    {
      "value": "vegan",
      "synonyms": [
        "vegan"
      ]
    },
    {
      "value": "tex mex",
      "synonyms": [
        "tex mex"
      ]
    },
    {
      "value": "european",
      "synonyms": [
        "european"
      ]
    },
    {
      "value": "middle eastern",
      "synonyms": [
        "middle eastern"
      ]
    },
    {
      "value": "modern european",
      "synonyms": [
        "modern european"
      ]
    },
    {
      "value": "caribbean",
      "synonyms": [
        "caribbean"
      ]
    },
    {
      "value": "cethelsea",
      "synonyms": [
        "cethelsea"
      ]
    },
    {
      "value": "rooftop",
      "synonyms": [
        "rooftop"
      ]
    },
    {
      "value": "tibetan",
      "synonyms": [
        "tibetan"
      ]
    },
    {
      "value": "spicy",
      "synonyms": [
        "spicy",
        "hot and spicy",
        "spicy hot",
        "hot spicy"
      ]
    },
    {
      "value": "halal",
      "synonyms": [
        "halal"
      ]
    }
  ],
  "isEnum": false,
  "automatedExpansion": true
}