{
  "id": "31051c4b-5a5f-45be-ba5d-755333d2adf3",
  "name": "drink",
  "isOverridable": true,
  "entries": [
    {
      "value": "coca cola",
      "synonyms": [
        "coke",
        "coca-cola"
      ]
    },
    {
      "value": "pepsi",
      "synonyms": [
        "pepsi"
      ]
    },
    {
      "value": "sprite",
      "synonyms": [
        "sprite"
      ]
    },
    {
      "value": "7up",
      "synonyms": [
        "7up",
        "seven up",
        "sevenup"
      ]
    }
  ],
  "isEnum": false,
  "automatedExpansion": false
}