{
  "id": "90125e0e-cf49-4f39-bd56-d1ecdcf3d965",
  "name": "food",
  "isOverridable": true,
  "entries": [
    {
      "value": "chicken burger",
      "synonyms": [
        "chicken burger"
      ]
    },
    {
      "value": "wedges",
      "synonyms": [
        "wedges"
      ]
    },
    {
      "value": "rice",
      "synonyms": [
        "rice"
      ]
    },
    {
      "value": "salad",
      "synonyms": [
        "salad",
        "salads"
      ]
    },
    {
      "value": "lamb wrap",
      "synonyms": [
        "lamb wrap",
        "lamb wraps"
      ]
    },
    {
      "value": "apple pie",
      "synonyms": [
        "apple pie"
      ]
    },
    {
      "value": "apfelstrudel",
      "synonyms": [
        "apfelstrudel"
      ]
    },
    {
      "value": "baati",
      "synonyms": [
        "baati"
      ]
    },
    {
      "value": "bagel",
      "synonyms": [
        "bagel",
        "bagels"
      ]
    },
    {
      "value": "baguette",
      "synonyms": [
        "baguette"
      ]
    },
    {
      "value": "barbecue",
      "synonyms": [
        "barbecue",
        "barbeque"
      ]
    },
    {
      "value": "barfi",
      "synonyms": [
        "barfi",
        "burfi",
        "burfee",
        "borfee"
      ]
    },
    {
      "value": "beef bourguignon",
      "synonyms": [
        "beef bourguignon",
        "beef burgundy"
      ]
    },
    {
      "value": "beef stroganov",
      "synonyms": [
        "beef stroganov"
      ]
    },
    {
      "value": "blini",
      "synonyms": [
        "blini",
        "bliny"
      ]
    },
    {
      "value": "blueberry muffins",
      "synonyms": [
        "blueberry muffins"
      ]
    },
    {
      "value": "borshch",
      "synonyms": [
        "borshch",
        "borscht",
        "beet soup"
      ]
    },
    {
      "value": "bratwurst",
      "synonyms": [
        "bratwurst"
      ]
    },
    {
      "value": "brezel",
      "synonyms": [
        "brezel"
      ]
    },
    {
      "value": "bull testicle",
      "synonyms": [
        "bull testicle",
        "bull testicles"
      ]
    },
    {
      "value": "burger",
      "synonyms": [
        "burger",
        "cheeseburger",
        "hamburger",
        "burgers"
      ]
    },
    {
      "value": "burrito",
      "synonyms": [
        "burrito",
        "burritos"
      ]
    },
    {
      "value": "business lunch",
      "synonyms": [
        "business lunch"
      ]
    },
    {
      "value": "cake",
      "synonyms": [
        "cake",
        "cakes"
      ]
    },
    {
      "value": "caparrones",
      "synonyms": [
        "caparrones"
      ]
    },
    {
      "value": "carne asada",
      "synonyms": [
        "carne asada"
      ]
    },
    {
      "value": "carnitas burrito",
      "synonyms": [
        "carnitas burrito"
      ]
    },
    {
      "value": "carnitas",
      "synonyms": [
        "carnitas"
      ]
    },
    {
      "value": "cemita",
      "synonyms": [
        "cemita",
        "cemitas"
      ]
    },
    {
      "value": "century eggs",
      "synonyms": [
        "century eggs",
        "millenium eggs"
      ]
    },
    {
      "value": "chana masala",
      "synonyms": [
        "chana masala"
      ]
    },
    {
      "value": "cheescake",
      "synonyms": [
        "cheescake"
      ]
    },
    {
      "value": "cheese souffle",
      "synonyms": [
        "cheese souffle"
      ]
    },
    {
      "value": "cheese steaks",
      "synonyms": [
        "cheese steaks",
        "cheesesteaks"
      ]
    },
    {
      "value": "cheesecake",
      "synonyms": [
        "cheesecake"
      ]
    },
    {
      "value": "chicken curry",
      "synonyms": [
        "chicken curry"
      ]
    },
    {
      "value": "chicken feet",
      "synonyms": [
        "chicken feet"
      ]
    },
    {
      "value": "chicken tikka masala",
      "synonyms": [
        "chicken tikka masala"
      ]
    },
    {
      "value": "chicken wings",
      "synonyms": [
        "chicken wings"
      ]
    },
    {
      "value": "chicken steak",
      "synonyms": [
        "chicken steak"
      ]
    },
    {
      "value": "chilli paneer",
      "synonyms": [
        "chilli paneer"
      ]
    },
    {
      "value": "chips",
      "synonyms": [
        "chips"
      ]
    },
    {
      "value": "chocolate mousse",
      "synonyms": [
        "chocolate mousse"
      ]
    },
    {
      "value": "chocolate",
      "synonyms": [
        "chocolate",
        "chocolates"
      ]
    },
    {
      "value": "chorizo",
      "synonyms": [
        "chorizo"
      ]
    },
    {
      "value": "chorizo",
      "synonyms": [
        "chorizo"
      ]
    },
    {
      "value": "chow fun",
      "synonyms": [
        "chow fun"
      ]
    },
    {
      "value": "chow mein",
      "synonyms": [
        "chow mein"
      ]
    },
    {
      "value": "churro",
      "synonyms": [
        "churro"
      ]
    },
    {
      "value": "coca",
      "synonyms": [
        "coca"
      ]
    },
    {
      "value": "corn chowder",
      "synonyms": [
        "corn chowder"
      ]
    },
    {
      "value": "cream soup",
      "synonyms": [
        "cream soup"
      ]
    },
    {
      "value": "creme brulee",
      "synonyms": [
        "creme brulee"
      ]
    },
    {
      "value": "crepe",
      "synonyms": [
        "crepe"
      ]
    },
    {
      "value": "croissant",
      "synonyms": [
        "croissant"
      ]
    },
    {
      "value": "cupcake",
      "synonyms": [
        "cupcake"
      ]
    },
    {
      "value": "curry bread",
      "synonyms": [
        "curry bread"
      ]
    },
    {
      "value": "curry",
      "synonyms": [
        "curry"
      ]
    },
    {
      "value": "dal",
      "synonyms": [
        "dal"
      ]
    },
    {
      "value": "desserts",
      "synonyms": [
        "desserts"
      ]
    },
    {
      "value": "dim sum",
      "synonyms": [
        "dim sum"
      ]
    },
    {
      "value": "donburi",
      "synonyms": [
        "donburi"
      ]
    },
    {
      "value": "donut",
      "synonyms": [
        "donut",
        "donuts"
      ]
    },
    {
      "value": "dressed herring",
      "synonyms": [
        "dressed herring"
      ]
    },
    {
      "value": "dumplings",
      "synonyms": [
        "dumplings",
        "dumpling"
      ]
    },
    {
      "value": "eintopf",
      "synonyms": [
        "eintopf"
      ]
    },
    {
      "value": "empanada",
      "synonyms": [
        "empanada"
      ]
    },
    {
      "value": "enchilada",
      "synonyms": [
        "enchilada"
      ]
    },
    {
      "value": "escargots",
      "synonyms": [
        "escargots"
      ]
    },
    {
      "value": "escudella",
      "synonyms": [
        "escudella"
      ]
    },
    {
      "value": "fajitas",
      "synonyms": [
        "fajitas"
      ]
    },
    {
      "value": "falafel",
      "synonyms": [
        "falafel"
      ]
    },
    {
      "value": "fish chips",
      "synonyms": [
        "fish chips",
        "fish n chips",
        "fish and chips"
      ]
    },
    {
      "value": "flan",
      "synonyms": [
        "flan",
        "creme caramel",
        "caramel custard"
      ]
    },
    {
      "value": "flauta",
      "synonyms": [
        "flauta"
      ]
    },
    {
      "value": "fondue",
      "synonyms": [
        "fondue"
      ]
    },
    {
      "value": "fried eggs",
      "synonyms": [
        "fried eggs"
      ]
    },
    {
      "value": "fromage blanc",
      "synonyms": [
        "fromage blanc"
      ]
    },
    {
      "value": "frozen yogurt",
      "synonyms": [
        "frozen yogurt"
      ]
    },
    {
      "value": "funnel cakes",
      "synonyms": [
        "funnel cakes"
      ]
    },
    {
      "value": "gazpacho",
      "synonyms": [
        "gazpacho",
        "gaspacho"
      ]
    },
    {
      "value": "gelato",
      "synonyms": [
        "gelato"
      ]
    },
    {
      "value": "goulash",
      "synonyms": [
        "goulash"
      ]
    },
    {
      "value": "gratin dauphinois",
      "synonyms": [
        "gratin dauphinois"
      ]
    },
    {
      "value": "green curry",
      "synonyms": [
        "green curry"
      ]
    },
    {
      "value": "grilled chicken",
      "synonyms": [
        "grilled chicken"
      ]
    },
    {
      "value": "guacamole",
      "synonyms": [
        "guacamole",
        "guac"
      ]
    },
    {
      "value": "hamburgers",
      "synonyms": [
        "hamburgers"
      ]
    },
    {
      "value": "hot and sour soup",
      "synonyms": [
        "hot and sour soup"
      ]
    },
    {
      "value": "hot dogs",
      "synonyms": [
        "hot dogs"
      ]
    },
    {
      "value": "hot pot",
      "synonyms": [
        "hot pot"
      ]
    },
    {
      "value": "hot pots",
      "synonyms": [
        "hot pots"
      ]
    },
    {
      "value": "ice cream frozen yogurt",
      "synonyms": [
        "ice cream frozen yogurt",
        "ice cream and frozen yogurt",
        "ice cream n frozen yogurt"
      ]
    },
    {
      "value": "ice cream",
      "synonyms": [
        "ice cream"
      ]
    },
    {
      "value": "ikra",
      "synonyms": [
        "ikra"
      ]
    },
    {
      "value": "jamon",
      "synonyms": [
        "jamon"
      ]
    },
    {
      "value": "kasespatzle",
      "synonyms": [
        "kasespatzle"
      ]
    },
    {
      "value": "kasha",
      "synonyms": [
        "kasha"
      ]
    },
    {
      "value": "katsudon",
      "synonyms": [
        "katsudon"
      ]
    },
    {
      "value": "kholodets",
      "synonyms": [
        "kholodets"
      ]
    },
    {
      "value": "kissel",
      "synonyms": [
        "kissel"
      ]
    },
    {
      "value": "klopse",
      "synonyms": [
        "klopse"
      ]
    },
    {
      "value": "knodel",
      "synonyms": [
        "knodel"
      ]
    },
    {
      "value": "kofta",
      "synonyms": [
        "kofta"
      ]
    },
    {
      "value": "korokke",
      "synonyms": [
        "korokke"
      ]
    },
    {
      "value": "kvass",
      "synonyms": [
        "kvass"
      ]
    },
    {
      "value": "lasagna",
      "synonyms": [
        "lasagna"
      ]
    },
    {
      "value": "lentil soup",
      "synonyms": [
        "lentil soup"
      ]
    },
    {
      "value": "madeleines",
      "synonyms": [
        "madeleines"
      ]
    },
    {
      "value": "melonpan",
      "synonyms": [
        "melonpan",
        "melon bread"
      ]
    },
    {
      "value": "mille-feuille",
      "synonyms": [
        "mille-feuille"
      ]
    },
    {
      "value": "miso",
      "synonyms": [
        "miso",
        "miso soup"
      ]
    },
    {
      "value": "mooncake",
      "synonyms": [
        "mooncake"
      ]
    },
    {
      "value": "mortadella",
      "synonyms": [
        "mortadella"
      ]
    },
    {
      "value": "mozzarella",
      "synonyms": [
        "mozzarella"
      ]
    },
    {
      "value": "naan",
      "synonyms": [
        "naan"
      ]
    },
    {
      "value": "nacho",
      "synonyms": [
        "nacho",
        "nachos"
      ]
    },
    {
      "value": "noodle soup",
      "synonyms": [
        "noodle soup"
      ]
    },
    {
      "value": "noodles",
      "synonyms": [
        "noodles"
      ]
    },
    {
      "value": "oatmeal",
      "synonyms": [
        "oatmeal"
      ]
    },
    {
      "value": "okonomiyaki",
      "synonyms": [
        "okonomiyaki"
      ]
    },
    {
      "value": "okroshka",
      "synonyms": [
        "okroshka"
      ]
    },
    {
      "value": "olivier salad",
      "synonyms": [
        "olivier salad",
        "salad olivier"
      ]
    },
    {
      "value": "omelette",
      "synonyms": [
        "omelette"
      ]
    },
    {
      "value": "omurice",
      "synonyms": [
        "omurice"
      ]
    },
    {
      "value": "onion soup",
      "synonyms": [
        "onion soup"
      ]
    },
    {
      "value": "oyakodon",
      "synonyms": [
        "oyakodon"
      ]
    },
    {
      "value": "paella",
      "synonyms": [
        "paella"
      ]
    },
    {
      "value": "pancake",
      "synonyms": [
        "pancake"
      ]
    },
    {
      "value": "paneer tikka masala",
      "synonyms": [
        "paneer tikka masala"
      ]
    },
    {
      "value": "paratha",
      "synonyms": [
        "paratha"
      ]
    },
    {
      "value": "pasta",
      "synonyms": [
        "pasta"
      ]
    },
    {
      "value": "patatas bravas",
      "synonyms": [
        "patatas bravas"
      ]
    },
    {
      "value": "peking duck",
      "synonyms": [
        "peking duck"
      ]
    },
    {
      "value": "pelmeni",
      "synonyms": [
        "pelmeni"
      ]
    },
    {
      "value": "pie",
      "synonyms": [
        "pie",
        "pies"
      ]
    },
    {
      "value": "pincho",
      "synonyms": [
        "pincho"
      ]
    },
    {
      "value": "pirog",
      "synonyms": [
        "pirog"
      ]
    },
    {
      "value": "pirozhki",
      "synonyms": [
        "pirozhki",
        "piroshki"
      ]
    },
    {
      "value": "pisto",
      "synonyms": [
        "pisto"
      ]
    },
    {
      "value": "pizza",
      "synonyms": [
        "pizza",
        "pizzas"
      ]
    },
    {
      "value": "poached eggs",
      "synonyms": [
        "poached eggs"
      ]
    },
    {
      "value": "potage",
      "synonyms": [
        "potage"
      ]
    },
    {
      "value": "pretzel",
      "synonyms": [
        "pretzel",
        "pretzels"
      ]
    },
    {
      "value": "quiche lorraine",
      "synonyms": [
        "quiche lorraine"
      ]
    },
    {
      "value": "quiche",
      "synonyms": [
        "quiche"
      ]
    },
    {
      "value": "ramen",
      "synonyms": [
        "ramen"
      ]
    },
    {
      "value": "rassolnik",
      "synonyms": [
        "rassolnik"
      ]
    },
    {
      "value": "ratatouille",
      "synonyms": [
        "ratatouille"
      ]
    },
    {
      "value": "red curry",
      "synonyms": [
        "red curry"
      ]
    },
    {
      "value": "religieuse",
      "synonyms": [
        "religieuse"
      ]
    },
    {
      "value": "rice and beans",
      "synonyms": [
        "rice and beans",
        "rice beans",
        "rice n beans"
      ]
    },
    {
      "value": "rice and chicken",
      "synonyms": [
        "rice and chicken"
      ]
    },
    {
      "value": "rice and red beans",
      "synonyms": [
        "rice and red beans",
        "rice red beans",
        "rice n red beans"
      ]
    },
    {
      "value": "rice cakes",
      "synonyms": [
        "rice cakes"
      ]
    },
    {
      "value": "risotto",
      "synonyms": [
        "risotto"
      ]
    },
    {
      "value": "rolled taco",
      "synonyms": [
        "rolled taco"
      ]
    },
    {
      "value": "russian salad",
      "synonyms": [
        "russian salad"
      ]
    },
    {
      "value": "sachertorte",
      "synonyms": [
        "sachertorte",
        "sacher torte"
      ]
    },
    {
      "value": "salad",
      "synonyms": [
        "salad"
      ]
    },
    {
      "value": "salchichon",
      "synonyms": [
        "salchichon"
      ]
    },
    {
      "value": "salsa",
      "synonyms": [
        "salsa",
        "salsa sauce"
      ]
    },
    {
      "value": "samosa",
      "synonyms": [
        "samosa"
      ]
    },
    {
      "value": "sandwich",
      "synonyms": [
        "sandwich",
        "sandwiches"
      ]
    },
    {
      "value": "sangria",
      "synonyms": [
        "sangria"
      ]
    },
    {
      "value": "sashimi",
      "synonyms": [
        "sashimi"
      ]
    },
    {
      "value": "sauerbraten",
      "synonyms": [
        "sauerbraten"
      ]
    },
    {
      "value": "sauerkraut",
      "synonyms": [
        "sauerkraut"
      ]
    },
    {
      "value": "sbiten",
      "synonyms": [
        "sbiten"
      ]
    },
    {
      "value": "schnitzel",
      "synonyms": [
        "schnitzel"
      ]
    },
    {
      "value": "schwarzwalder kirschtorte",
      "synonyms": [
        "schwarzwalder kirschtorte",
        "black forest cherry cake",
        "black forest cake"
      ]
    },
    {
      "value": "sea cucumbers",
      "synonyms": [
        "sea cucumbers"
      ]
    },
    {
      "value": "seafood",
      "synonyms": [
        "seafood"
      ]
    },
    {
      "value": "shashlik",
      "synonyms": [
        "shashlik",
        "shashlyk"
      ]
    },
    {
      "value": "shchi",
      "synonyms": [
        "shchi"
      ]
    },
    {
      "value": "soba",
      "synonyms": [
        "soba"
      ]
    },
    {
      "value": "solyanka",
      "synonyms": [
        "solyanka"
      ]
    },
    {
      "value": "soup",
      "synonyms": [
        "soup"
      ]
    },
    {
      "value": "spaghetti",
      "synonyms": [
        "spaghetti"
      ]
    },
    {
      "value": "spanish tortilla",
      "synonyms": [
        "spanish tortilla"
      ]
    },
    {
      "value": "spicy tofu",
      "synonyms": [
        "spicy tofu",
        "mapo dofu",
        "mapo tofu"
      ]
    },
    {
      "value": "spotted dick",
      "synonyms": [
        "spotted dick"
      ]
    },
    {
      "value": "spring rolls",
      "synonyms": [
        "spring rolls",
        "springrolls"
      ]
    },
    {
      "value": "spumoni",
      "synonyms": [
        "spumoni"
      ]
    },
    {
      "value": "steak tartare",
      "synonyms": [
        "steak tartare"
      ]
    },
    {
      "value": "stollen",
      "synonyms": [
        "stollen"
      ]
    },
    {
      "value": "strudel",
      "synonyms": [
        "strudel"
      ]
    },
    {
      "value": "sukiyaki",
      "synonyms": [
        "sukiyaki"
      ]
    },
    {
      "value": "sushi",
      "synonyms": [
        "sushi"
      ]
    },
    {
      "value": "sweet and sour pork",
      "synonyms": [
        "sweet and sour pork"
      ]
    },
    {
      "value": "syrniki",
      "synonyms": [
        "syrniki"
      ]
    },
    {
      "value": "taco",
      "synonyms": [
        "taco",
        "tacos"
      ]
    },
    {
      "value": "takoyaki",
      "synonyms": [
        "takoyaki"
      ]
    },
    {
      "value": "tamales",
      "synonyms": [
        "tamales"
      ]
    },
    {
      "value": "tandoori chicken",
      "synonyms": [
        "tandoori chicken"
      ]
    },
    {
      "value": "tapas",
      "synonyms": [
        "tapas"
      ]
    },
    {
      "value": "taquito",
      "synonyms": [
        "taquito"
      ]
    },
    {
      "value": "tart",
      "synonyms": [
        "tart"
      ]
    },
    {
      "value": "tarte tatin",
      "synonyms": [
        "tarte tatin"
      ]
    },
    {
      "value": "tartlet",
      "synonyms": [
        "tartlet"
      ]
    },
    {
      "value": "tempura",
      "synonyms": [
        "tempura"
      ]
    },
    {
      "value": "teriyaki",
      "synonyms": [
        "teriyaki"
      ]
    },
    {
      "value": "terrine",
      "synonyms": [
        "terrine"
      ]
    },
    {
      "value": "the hot dog",
      "synonyms": [
        "the hot dog"
      ]
    },
    {
      "value": "tiramisu",
      "synonyms": [
        "tiramisu"
      ]
    },
    {
      "value": "tonkatsu",
      "synonyms": [
        "tonkatsu"
      ]
    },
    {
      "value": "tortas",
      "synonyms": [
        "tortas"
      ]
    },
    {
      "value": "tortilla espaniola",
      "synonyms": [
        "tortilla espaniola"
      ]
    },
    {
      "value": "tortilla",
      "synonyms": [
        "tortilla",
        "tortillas"
      ]
    },
    {
      "value": "turkey leg",
      "synonyms": [
        "turkey leg"
      ]
    },
    {
      "value": "tushonka",
      "synonyms": [
        "tushonka"
      ]
    },
    {
      "value": "udon",
      "synonyms": [
        "udon"
      ]
    },
    {
      "value": "ukha",
      "synonyms": [
        "ukha"
      ]
    },
    {
      "value": "vatrushka",
      "synonyms": [
        "vatrushka"
      ]
    },
    {
      "value": "vinegret",
      "synonyms": [
        "vinegret"
      ]
    },
    {
      "value": "weisswurst",
      "synonyms": [
        "weisswurst",
        "white sausage"
      ]
    },
    {
      "value": "whopper",
      "synonyms": [
        "whopper"
      ]
    },
    {
      "value": "wok",
      "synonyms": [
        "wok"
      ]
    },
    {
      "value": "wonton noodle soup",
      "synonyms": [
        "wonton noodle soup"
      ]
    },
    {
      "value": "wurst",
      "synonyms": [
        "wurst"
      ]
    },
    {
      "value": "yakisoba",
      "synonyms": [
        "yakisoba"
      ]
    },
    {
      "value": "yakitori",
      "synonyms": [
        "yakitori"
      ]
    },
    {
      "value": "yellow curry",
      "synonyms": [
        "yellow curry"
      ]
    },
    {
      "value": "yogurt",
      "synonyms": [
        "yogurt"
      ]
    },
    {
      "value": "mini wheats",
      "synonyms": [
        "mini wheats"
      ]
    },
    {
      "value": "lentil soup",
      "synonyms": [
        "lentil soup"
      ]
    },
    {
      "value": "bread sticks",
      "synonyms": [
        "bread sticks",
        "breadsticks"
      ]
    },
    {
      "value": "hawaiian pizza",
      "synonyms": [
        "hawaiian pizza"
      ]
    },
    {
      "value": "french fries",
      "synonyms": [
        "french fries",
        "fries"
      ]
    },
    {
      "value": "bigmac",
      "synonyms": [
        "bigmac"
      ]
    },
    {
      "value": "hotdog",
      "synonyms": [
        "hotdog"
      ]
    },
    {
      "value": "large pepperoni pizza",
      "synonyms": [
        "large pepperoni pizza"
      ]
    },
    {
      "value": "brownie",
      "synonyms": [
        "brownie"
      ]
    },
    {
      "value": "peanut cupcake",
      "synonyms": [
        "peanut cupcake"
      ]
    },
    {
      "value": "morning bun",
      "synonyms": [
        "morning bun"
      ]
    },
    {
      "value": "victoria sponge cake",
      "synonyms": [
        "victoria sponge cake"
      ]
    },
    {
      "value": "panna cotta",
      "synonyms": [
        "panna cotta"
      ]
    },
    {
      "value": "pepperoni pizza",
      "synonyms": [
        "pepperoni pizza"
      ]
    },
    {
      "value": "salami pizza",
      "synonyms": [
        "salami pizza"
      ]
    },
    {
      "value": "spaghetti squash",
      "synonyms": [
        "spaghetti squash"
      ]
    },
    {
      "value": "chicken wrap",
      "synonyms": [
        "chicken wrap",
        "chicken wraps"
      ]
    },
    {
      "value": "lamb burger",
      "synonyms": [
        "lamb burger",
        "lamb burgers"
      ]
    },
    {
      "value": "lamb kabsa",
      "synonyms": [
        "lamb kabsa",
        "kabsa"
      ]
    },
    {
      "value": "chicken kabsa",
      "synonyms": [
        "chicken kabsa",
        "kabsa"
      ]
    }
  ],
  "isEnum": false,
  "automatedExpansion": true
}