{
  "id": "b342b7a1-dfe6-4d60-9156-8ab1f9d77353",
  "name": "food-spot",
  "isOverridable": true,
  "entries": [
    {
      "value": "Shake \u0026 Grill",
      "synonyms": [
        "Shake \u0026 Grill",
        "Shake and Grill",
        "Shake n Grill"
      ]
    },
    {
      "value": "Umami",
      "synonyms": [
        "Umami",
        "umamii",
        "ummami"
      ]
    },
    {
      "value": "Roosters Piri Piri",
      "synonyms": [
        "Roosters Piri Piri",
        "Roosters",
        "Roosters Piri"
      ]
    },
    {
      "value": "Ammolite Cafe",
      "synonyms": [
        "Ammolite Cafe",
        "ammolite cafe"
      ]
    },
    {
      "value": "China Town",
      "synonyms": [
        "China Town",
        "china town"
      ]
    },
    {
      "value": "Nandos",
      "synonyms": [
        "Nandos",
        "nando"
      ]
    }
  ],
  "isEnum": false,
  "automatedExpansion": false
}